,CPU :: Service Worker : feedbackchoice.com,CPU :: Service Worker:,CPU :: Service Worker : help.unemploymentbenefitsguide.com,CPU :: Service Worker : www.techvenge.net,CPU :: Service Worker : financegroup.news
2020-10-20 14:57:52,,,,,
2020-10-20 14:57:53,,,,,
2020-10-20 14:57:54,,,,,
2020-10-20 14:57:55,,,,,
2020-10-20 14:57:56,,,,,
2020-10-20 14:57:57,,,,,
2020-10-20 14:57:58,5.83789,,,,
2020-10-20 14:57:59,0.99925,,,,
2020-10-20 14:58:00,0.0,,,,
2020-10-20 14:58:01,0.0,,,,
2020-10-20 14:58:02,0.0,,,,
2020-10-20 14:58:03,0.0,,,,
2020-10-20 14:58:04,7.99333,,,,
2020-10-20 14:58:05,5.99504,,,,
2020-10-20 14:58:06,4.99443,,,,
2020-10-20 14:58:07,6.99877,,,,
2020-10-20 14:58:08,0.0,,,,
2020-10-20 14:58:09,0.0,,,,
2020-10-20 14:58:10,0.0,,,,
2020-10-20 14:58:11,0.0,,,,
2020-10-20 14:58:12,0.0,,,,
2020-10-20 14:58:13,0.0,,,,
2020-10-20 14:58:14,0.0,,,,
2020-10-20 14:58:15,0.0,,,,
2020-10-20 14:58:16,0.0,,,,
2020-10-20 14:58:17,0.0,,,,
2020-10-20 14:58:18,0.0,,,,
2020-10-20 14:58:19,0.0,,,,
2020-10-20 14:58:20,0.0,,,,
2020-10-20 14:58:21,0.0,,,,
2020-10-20 14:58:22,0.0,,,,
2020-10-20 14:58:23,0.0,,,,
2020-10-20 14:58:24,0.0,,,,
2020-10-20 14:58:25,0.0,,,,
2020-10-20 14:58:26,0.0,,,,
2020-10-20 14:58:27,0.0,,,,
2020-10-20 14:58:28,0.0,,,,
2020-10-20 14:58:29,0.0,,,,
2020-10-20 14:58:30,0.0,,,,
2020-10-20 14:58:31,0.0,,,,
2020-10-20 14:58:32,0.0,,,,
2020-10-20 14:58:33,0.0,,,,
2020-10-20 14:58:34,0.0,,,,
2020-10-20 14:58:35,0.0,,,,
2020-10-20 14:58:36,0.0,,,,
2020-10-20 14:58:37,1.86903,,,,
2020-10-20 14:58:38,0.0,,,,
2020-10-20 14:58:39,0.0,,,,
2020-10-20 14:58:40,0.0,,,,
2020-10-20 14:58:41,,124.963,,,
2020-10-20 14:58:42,0.0,,,,
2020-10-20 14:58:43,0.0,,,,
2020-10-20 14:58:44,0.0,,,,
2020-10-20 14:58:45,0.0,,,,
2020-10-20 14:58:46,0.0,,,,
2020-10-20 14:58:47,0.0,,,,
2020-10-20 14:58:48,0.0,,,,
2020-10-20 14:58:49,0.0,,,,
2020-10-20 14:58:50,0.0,,,,
2020-10-20 14:58:51,0.0,,,,
2020-10-20 14:58:52,0.0,,9.99529,,
2020-10-20 14:58:53,0.0,,0.0,,
2020-10-20 14:58:54,0.0,,0.0,,
2020-10-20 14:58:55,7.95501,,0.0,,
2020-10-20 14:58:56,0.0,,17.9916,,
2020-10-20 14:58:57,0.0,,5.9955,,
2020-10-20 14:58:58,0.0,,0.0,,
2020-10-20 14:58:59,0.0,,0.0,,
2020-10-20 14:59:00,0.0,,0.0,,
2020-10-20 14:59:01,0.0,,0.0,,
2020-10-20 14:59:02,0.0,,0.0,,
2020-10-20 14:59:03,0.0,,0.0,,
2020-10-20 14:59:04,0.0,,0.0,,
2020-10-20 14:59:05,0.0,,0.0,,
2020-10-20 14:59:06,0.0,,0.0,,
2020-10-20 14:59:07,0.0,,0.0,,
2020-10-20 14:59:08,0.0,,0.0,,
2020-10-20 14:59:09,0.0,,0.0,,
2020-10-20 14:59:10,0.0,,0.0,,
2020-10-20 14:59:11,0.0,,0.0,,
2020-10-20 14:59:12,0.0,,,,
2020-10-20 14:59:13,0.0,,,,
2020-10-20 14:59:14,0.0,,,,
2020-10-20 14:59:15,0.0,,,,
2020-10-20 14:59:16,0.0,,,,
2020-10-20 14:59:17,0.0,,,,
2020-10-20 14:59:18,0.0,,,,
2020-10-20 14:59:19,0.0,,,,
2020-10-20 14:59:20,0.0,,,,
2020-10-20 14:59:21,0.0,,,,
2020-10-20 14:59:22,0.0,,,,
2020-10-20 14:59:23,0.0,,,,
2020-10-20 14:59:24,0.0,,,,
2020-10-20 14:59:25,0.634819,,,,
2020-10-20 14:59:26,0.999384,,,,
2020-10-20 14:59:27,0.0,,,,
2020-10-20 14:59:28,0.0,,,,
2020-10-20 14:59:29,0.0,,,,
2020-10-20 14:59:30,,,,,
2020-10-20 14:59:31,,117.506,,,
2020-10-20 14:59:32,0.0,,,,
2020-10-20 14:59:33,0.0,,,,
2020-10-20 14:59:34,0.0,,,110.931,
2020-10-20 14:59:35,0.0,,,11.9994,
2020-10-20 14:59:36,0.0,,,10.9903,
2020-10-20 14:59:37,0.0,,,0.999797,
2020-10-20 14:59:38,0.0,,,16.9995,
2020-10-20 14:59:39,0.0,,,14.9783,
2020-10-20 14:59:40,0.0,,,0.999087,
2020-10-20 14:59:41,0.0,,,0.0,
2020-10-20 14:59:42,0.0,,,0.0,
2020-10-20 14:59:43,0.0,,,0.0,
2020-10-20 14:59:44,0.0,,,0.0,
2020-10-20 14:59:45,0.0,,,0.0,
2020-10-20 14:59:46,0.0,,,0.0,
2020-10-20 14:59:47,0.0,,,0.0,
2020-10-20 14:59:48,0.0,,,0.0,
2020-10-20 14:59:49,0.0,,,0.0,
2020-10-20 14:59:50,0.0,,,0.0,
2020-10-20 14:59:51,0.0,,,0.0,
2020-10-20 14:59:52,,,,0.0,
2020-10-20 14:59:53,,,,0.0,
2020-10-20 14:59:54,,,,0.0,
2020-10-20 14:59:55,,,,0.0,
2020-10-20 14:59:56,,,,0.0,
2020-10-20 14:59:57,,,,0.0,
2020-10-20 14:59:58,,,,0.0,
2020-10-20 14:59:59,,,,0.0,
2020-10-20 15:00:00,,,,0.0,
2020-10-20 15:00:01,,,,0.999192,
2020-10-20 15:00:02,,,,,
2020-10-20 15:00:03,,,,,
2020-10-20 15:00:04,,,,,
2020-10-20 15:00:05,,,,,
2020-10-20 15:00:06,,,,,
2020-10-20 15:00:07,,,,,
2020-10-20 15:00:08,,,,,
2020-10-20 15:00:09,,,,,
2020-10-20 15:00:10,,,,,
2020-10-20 15:00:11,,,,,
2020-10-20 15:00:12,,,,,
2020-10-20 15:00:13,,,,,
2020-10-20 15:00:14,,,,,
2020-10-20 15:00:15,,,,,
2020-10-20 15:00:16,,,,,
2020-10-20 15:00:17,,,,,
2020-10-20 15:00:18,,,,,
2020-10-20 15:00:19,,,,,
2020-10-20 15:00:20,,,,,
2020-10-20 15:00:21,,,,,
2020-10-20 15:00:22,,,,,
2020-10-20 15:00:23,,,,,
2020-10-20 15:00:24,,,,,
2020-10-20 15:00:25,,,,,
2020-10-20 15:00:26,,,,,
2020-10-20 15:00:27,,,,,
2020-10-20 15:00:28,,,,,
2020-10-20 15:00:29,,,,,
2020-10-20 15:00:30,,,,,
2020-10-20 15:00:31,,,,,
2020-10-20 15:00:32,,,,,
2020-10-20 15:00:33,,,,,
2020-10-20 15:00:34,,,,,
2020-10-20 15:00:35,,,,,
2020-10-20 15:00:36,,,,,
2020-10-20 15:00:37,,,,,
2020-10-20 15:00:38,,,,,
2020-10-20 15:00:39,,,,,
2020-10-20 15:00:40,,,,,
2020-10-20 15:00:41,,,,,
2020-10-20 15:00:42,,,,,
2020-10-20 15:00:43,,,,,
2020-10-20 15:00:44,,,,,
2020-10-20 15:00:45,,,,,
2020-10-20 15:00:46,,,,,
2020-10-20 15:00:47,,,,,
2020-10-20 15:00:48,,,,,
2020-10-20 15:00:49,,,,,
2020-10-20 15:00:50,,,,,
2020-10-20 15:00:51,,,,,
2020-10-20 15:00:52,,,,,
2020-10-20 15:00:53,,,,,
2020-10-20 15:00:54,,,,,
2020-10-20 15:00:55,,,,,
2020-10-20 15:00:56,,,,,
2020-10-20 15:00:57,,,,,
2020-10-20 15:00:58,,,,,
2020-10-20 15:00:59,,,,,
2020-10-20 15:01:00,,,,,
2020-10-20 15:01:01,,,,,
2020-10-20 15:01:02,,,,,
2020-10-20 15:01:03,,,,,
2020-10-20 15:01:04,,,,,
2020-10-20 15:01:05,,,,,
2020-10-20 15:01:06,,,,,
2020-10-20 15:01:07,,,,,
2020-10-20 15:01:08,,,,,
2020-10-20 15:01:09,,,,,
2020-10-20 15:01:10,,,,,
2020-10-20 15:01:11,,,,,
2020-10-20 15:01:12,,,,,
2020-10-20 15:01:13,,,,,
2020-10-20 15:01:14,,,,,
2020-10-20 15:01:15,,,,,
2020-10-20 15:01:16,,,,,
2020-10-20 15:01:17,,,,,
2020-10-20 15:01:18,,,,,
2020-10-20 15:01:19,,,,,
2020-10-20 15:01:20,,,,,
2020-10-20 15:01:21,,,,,
2020-10-20 15:01:22,,,,,
2020-10-20 15:01:23,,,,,
2020-10-20 15:01:24,,,,,
2020-10-20 15:01:25,,,,,
2020-10-20 15:01:26,,,,,
2020-10-20 15:01:27,,,,,
2020-10-20 15:01:28,,,,,
2020-10-20 15:01:29,,,,,
2020-10-20 15:01:30,,,,,
2020-10-20 15:01:31,,,,,
2020-10-20 15:01:32,,,,,
2020-10-20 15:01:33,,,,,
2020-10-20 15:01:34,,,,,
2020-10-20 15:01:35,,,,,
2020-10-20 15:01:36,,,,,
2020-10-20 15:01:37,,,,,
2020-10-20 15:01:38,,,,,
2020-10-20 15:01:39,,,,,
2020-10-20 15:01:40,,,,,
2020-10-20 15:01:41,,,,,
2020-10-20 15:01:42,,,,,
2020-10-20 15:01:43,,,,,
2020-10-20 15:01:44,,,,,
2020-10-20 15:01:45,,,,,
2020-10-20 15:01:46,,,,,
2020-10-20 15:01:47,,,,,
2020-10-20 15:01:48,,,,,
2020-10-20 15:01:49,,,,,
2020-10-20 15:01:50,,,,,
2020-10-20 15:01:51,,,,,
2020-10-20 15:01:52,,,,,
2020-10-20 15:01:53,,,,,
2020-10-20 15:01:54,,,,,
2020-10-20 15:01:55,,,,,
2020-10-20 15:01:56,,,,,
2020-10-20 15:01:57,,,,,
2020-10-20 15:01:58,,,,,
2020-10-20 15:01:59,,,,,
2020-10-20 15:02:00,,,,,
2020-10-20 15:02:01,,,,,
2020-10-20 15:02:02,,,,,
2020-10-20 15:02:03,,,,,
2020-10-20 15:02:04,,,,,
2020-10-20 15:02:05,,,,,
2020-10-20 15:02:06,,,,,
2020-10-20 15:02:07,,,,,
2020-10-20 15:02:08,,,,,
2020-10-20 15:02:09,,,,,
2020-10-20 15:02:10,,,,,
2020-10-20 15:02:11,,,,,
2020-10-20 15:02:12,,,,,
2020-10-20 15:02:13,,,,,
2020-10-20 15:02:14,,,,,
2020-10-20 15:02:15,,,,,
2020-10-20 15:02:16,,,,,
2020-10-20 15:02:17,,,,,
2020-10-20 15:02:18,,,,,
2020-10-20 15:02:19,,,,,
2020-10-20 15:02:20,,,,,
2020-10-20 15:02:21,,,,,
2020-10-20 15:02:22,,,,,
2020-10-20 15:02:23,,,,,
2020-10-20 15:02:24,,,,,
2020-10-20 15:02:25,,,,,
2020-10-20 15:02:26,,,,,
2020-10-20 15:02:27,,,,,
2020-10-20 15:02:28,,,,,
2020-10-20 15:02:29,,,,,
2020-10-20 15:02:30,,,,,
2020-10-20 15:02:31,,,,,
2020-10-20 15:02:32,,,,,
2020-10-20 15:02:33,,,,,
2020-10-20 15:02:34,,,,,
2020-10-20 15:02:35,,,,,
2020-10-20 15:02:36,,,,,
2020-10-20 15:02:37,,,,,
2020-10-20 15:02:38,,,,,
2020-10-20 15:02:39,,,,,
2020-10-20 15:02:40,,,,,
2020-10-20 15:02:41,,,,,
2020-10-20 15:02:42,,,,,
2020-10-20 15:02:43,,,,,
2020-10-20 15:02:44,,,,,
2020-10-20 15:02:45,,,,,
2020-10-20 15:02:46,,,,,
2020-10-20 15:02:47,,,,,
2020-10-20 15:02:48,0.0,,,,
2020-10-20 15:02:49,0.0,,,,
2020-10-20 15:02:50,0.0,,,,
2020-10-20 15:02:51,0.0,,,,
2020-10-20 15:02:52,0.0,,,,
2020-10-20 15:02:53,0.0,,,,
2020-10-20 15:02:54,0.0,,,,
2020-10-20 15:02:55,0.0,,,,
2020-10-20 15:02:56,0.0,,,,
2020-10-20 15:02:57,0.0,,,,
2020-10-20 15:02:58,0.0,,,,
2020-10-20 15:02:59,0.0,,,,
2020-10-20 15:03:00,0.0,,,,
2020-10-20 15:03:01,0.0,,,,
2020-10-20 15:03:02,0.0,,,,
2020-10-20 15:03:03,0.0,,,,
2020-10-20 15:03:04,0.0,,,,
2020-10-20 15:03:05,0.0,,,,
2020-10-20 15:03:06,0.0,,,,
2020-10-20 15:03:07,10.9833,,,,
2020-10-20 15:03:08,1.00007,,,,
2020-10-20 15:03:09,0.0,,,,
2020-10-20 15:03:10,0.0,,,,
2020-10-20 15:03:11,0.0,,,,
2020-10-20 15:03:12,0.0,,,,
2020-10-20 15:03:13,0.0,,,,
2020-10-20 15:03:14,0.0,,,,
2020-10-20 15:03:15,0.0,,,,
2020-10-20 15:03:16,0.0,,,,
2020-10-20 15:03:17,0.0,,,,
2020-10-20 15:03:18,5.82329,,,,
2020-10-20 15:03:19,0.0,,,,
2020-10-20 15:03:20,0.999362,,,,
2020-10-20 15:03:21,0.0,,,,
2020-10-20 15:03:22,0.0,,,,
2020-10-20 15:03:23,0.0,,,,
2020-10-20 15:03:24,0.0,,,,
2020-10-20 15:03:25,0.0,,,,
2020-10-20 15:03:26,0.0,,,,
2020-10-20 15:03:27,0.0,,,,
2020-10-20 15:03:28,0.0,,,,
2020-10-20 15:03:29,0.0,,,,
2020-10-20 15:03:30,0.0,,,,
2020-10-20 15:03:31,0.0,,,,
2020-10-20 15:03:32,0.0,,,,
2020-10-20 15:03:33,0.0,,,,
2020-10-20 15:03:34,0.0,,,,
2020-10-20 15:03:35,0.0,,,,
2020-10-20 15:03:36,0.0,,,,
2020-10-20 15:03:37,0.0,,,,
2020-10-20 15:03:38,2.65361,,,,
2020-10-20 15:03:39,0.984388,,,,
2020-10-20 15:03:40,,,,,
2020-10-20 15:03:41,0.0,,,,
2020-10-20 15:03:42,,59.0082,,,
2020-10-20 15:03:43,0.0,,,,
2020-10-20 15:03:44,0.0,,,,
2020-10-20 15:03:45,0.0,,,,
2020-10-20 15:03:46,0.0,,,,
2020-10-20 15:03:47,0.0,,,,
2020-10-20 15:03:48,0.0,,,,
2020-10-20 15:03:49,0.0,,,,
2020-10-20 15:03:50,0.0,,,,
2020-10-20 15:03:51,5.03939,,,,
2020-10-20 15:03:52,4.99773,,,,
2020-10-20 15:03:53,0.0,,,,
2020-10-20 15:03:54,0.0,,,,0.0
2020-10-20 15:03:55,0.0,,,,6.73451
2020-10-20 15:03:56,0.0,,,,0.0
2020-10-20 15:03:57,,,,,
2020-10-20 15:03:58,0.0,,,,0.0
2020-10-20 15:03:59,0.0,,,,0.0
2020-10-20 15:04:00,0.0,,,,0.0
2020-10-20 15:04:01,0.0,,,,0.0
2020-10-20 15:04:02,0.0,,,,0.0
2020-10-20 15:04:03,0.0,,,,5.9963
2020-10-20 15:04:04,0.0,,,,0.0
2020-10-20 15:04:05,0.0,,,,0.999375
2020-10-20 15:04:06,0.0,,,,0.0
2020-10-20 15:04:07,0.0,,,,0.0
2020-10-20 15:04:08,0.0,,,,0.0
2020-10-20 15:04:09,0.0,,,,0.0
2020-10-20 15:04:10,0.0,,,,0.0
2020-10-20 15:04:11,0.0,,,,0.0
2020-10-20 15:04:12,9.98268,,,,0.0
2020-10-20 15:04:13,0.0,,,,
2020-10-20 15:04:14,0.0,,,,
2020-10-20 15:04:15,0.0,,,,
2020-10-20 15:04:16,0.0,,,,
2020-10-20 15:04:17,0.0,,,,
2020-10-20 15:04:18,0.0,,,,
2020-10-20 15:04:19,0.0,,,,
2020-10-20 15:04:20,0.0,,,,
2020-10-20 15:04:21,0.0,,,,
2020-10-20 15:04:22,0.983435,,,,
2020-10-20 15:04:23,0.0,,,,
2020-10-20 15:04:24,0.0,,,,
2020-10-20 15:04:25,1.00545,,,,
2020-10-20 15:04:26,0.0,,,,
2020-10-20 15:04:27,0.0,,,,
2020-10-20 15:04:28,0.0,,,,
2020-10-20 15:04:29,0.0,,,,
2020-10-20 15:04:30,0.0,,,,
2020-10-20 15:04:31,0.0,,,,
2020-10-20 15:04:32,0.0,,,,
2020-10-20 15:04:33,0.0,,,,
2020-10-20 15:04:34,0.0,,,,
2020-10-20 15:04:35,0.0,,,,
2020-10-20 15:04:36,0.0,,,,
2020-10-20 15:04:37,0.0,,,,
2020-10-20 15:04:38,0.0,,,,
2020-10-20 15:04:39,0.0,,,,
2020-10-20 15:04:40,0.0,,,,
2020-10-20 15:04:41,0.0,,,,
2020-10-20 15:04:42,1.95421,,,,
2020-10-20 15:04:43,0.0,,,,
2020-10-20 15:04:44,0.0,,,,
2020-10-20 15:04:45,0.0,,,,
2020-10-20 15:04:46,1.00013,,,,
2020-10-20 15:04:47,,,,,
2020-10-20 15:04:48,,,,,
2020-10-20 15:04:49,,,,,
2020-10-20 15:04:50,,,,,
2020-10-20 15:04:51,,,,,
2020-10-20 15:04:52,,,,,
2020-10-20 15:04:53,,,,,
2020-10-20 15:04:54,,,,,
2020-10-20 15:04:55,,,,,
2020-10-20 15:04:56,,,,,
2020-10-20 15:04:57,,,,,
2020-10-20 15:04:58,,,,,
2020-10-20 15:04:59,,,,,
2020-10-20 15:05:00,,,,,
2020-10-20 15:05:01,,,,,
2020-10-20 15:05:02,,,,,
2020-10-20 15:05:03,,,,,
2020-10-20 15:05:04,,,,,
2020-10-20 15:05:05,,,,,
2020-10-20 15:05:06,,,,,
2020-10-20 15:05:07,,,,,
2020-10-20 15:05:08,,,,,
2020-10-20 15:05:09,,,,,
2020-10-20 15:05:10,,,,,
2020-10-20 15:05:11,,,,,
2020-10-20 15:05:12,,,,,
2020-10-20 15:05:13,,,,,
2020-10-20 15:05:14,,,,,
2020-10-20 15:05:15,,,,,
2020-10-20 15:05:16,,,,,
2020-10-20 15:05:17,,,,,
2020-10-20 15:05:18,,,,,
2020-10-20 15:05:19,,,,,
2020-10-20 15:05:20,,,,,
2020-10-20 15:05:21,,,,,
2020-10-20 15:05:22,,,,,
